,,O[v
|,̂܂,8
]g,΂܂,2
]gh,΂܂,2
]g꒚,΂ɂ1傤,2
]g񒚖,΂ɂ2傤,2
]g{꒚,΂ɂق܂1傤,2
]g{񒚖,΂ɂق܂2傤,2
]g꒚,΂Ђ1傤,6
]g񒚖,΂Ђ2傤,6
]g{,΂ق܂,6
]g꒚,΂݂Ȃ1傤,3
]g񒚖,΂݂Ȃ2傤,3
]gO,΂݂Ȃ3傤,3
Ӓ,т傤,12
蒬꒚,Ă܂1傤,12
蒬񒚖,Ă܂2傤,12
蒬O,Ă܂3傤,11
蒬l,Ă܂4傤,11
蒬ܒ,Ă܂5傤,11
Ò,܂,8
R,Ȃ܂傤,12
,݂̂ڂ肿傤,14
㔪x,݂͂傤ڂ,14
꒚,݂₿傤1傤,12
񒚖,݂₿傤2傤,12
͌,܂,4
Ԓ,݂傤,8
꒚,Ȃ1傤,10
񒚖,Ȃ2傤,10
O,Ȃ3傤,10
l,Ȃ4傤,9
ܒ,Ȃ5傤,9
Z,Ȃ6傤,10
׎꒚,܂1傤,11
׎񒚖,܂2傤,11
,܂,11
䒬꒚,܂1傤,8
䒬񒚖,܂2傤,8
a,傤܂,11
VVn,Ă,12
Zg,݂悵傤,8
c꒚,񂾂܂1傤,11
c񒚖,񂾂܂2傤,11
cO,񂾂܂3傤,11
,܂,12
|,₿傤,12
,Ă܂,12
c,Ȃ܂,12
ߌ,݂傤,12
SC,Ăۂ傤,14
,Ă܂,8
\s꒚,Ƃ܂1傤,8
\s񒚖,Ƃ܂2傤,8
y,ǂ͂傤,8
,Ȃ܂傤,8
,Ȃ܂,12
쒬,Ȃꂩ킿傤,12
,ɂ킮傤,1
\s,ɂƂ܂,8
,ɂ͂܂傤,14
˒,ɂЂ傤,12
L,˂₿傤,8
,̂ڂ肿傤,14
k,͂܂܂,13
㌬,͂܂񂿂傤,13
,͂܂Ȃ܂,13
Hߒ,͂傤,8
{,͂Ƃ傤,14
x,͂傤ڂ,12
c꒚,Ђ񂾂܂1傤,11
c񒚖,Ђ񂾂܂2傤,11
,Ђ͂܂傤,13
˒,ЂЂ傤,12
쒬,Ђ̂܂,11
Lk,Ђ낹܂,8
L,Ђ낹܂,8
ܒ,ӂ܂,12
xm,ӂ݂傤,12
M,ӂȂ肩킮傤,7
MK,ӂȂ肳킢傤,7
M,ӂȂȂ܂,4
M{,ӂȂق܂,7
M,ӂȂ܂,4
M꒚,ӂȂ݂Ȃ1傤,5
M񒚖,ӂȂ݂Ȃ2傤,1
MO,ӂȂ݂Ȃ3傤,1
Ml,ӂȂ݂Ȃ4傤,5
Mܒ,ӂȂ݂Ȃ5傤,5
MZ,ӂȂ݂Ȃ6傤,1
x쒬,ق肩킿傤,12
{쒬꒚,ق񂩂킿傤1傤,8
{쒬񒚖,ق񂩂킿傤2傤,8
{쒬O,ق񂩂킿傤3傤,8
{,قǂ,12
O쒬,݂킿傤,12
c,݂Ȃ݂񂾂ɂ܂,11
c,݂Ȃ݂񂾂Ђ܂,11
|,݂Ȃ݂₿傤,11
g꒚,݂Ȃ݂悵1傤,10
g񒚖,݂Ȃ݂悵2傤,10
,Ƃ܂,13
򌤖x,₰ڂ,12
퐶,悢傤,12
gV꒚,悵܂܂1傤,9
gV񒚖,悵܂܂2傤,9
g,悵܂傤,10
g꒚,悵܂ɂ1傤,10
g񒚖,悵܂ɂ2傤,10
gO,悵܂ɂ3傤,10
g꒚,悵܂Ђ1傤,10
g񒚖,悵܂Ђ2傤,10
gO,悵܂Ђ3傤,10
